	F-50179223-003S	F-50179153-003S	F-50179245-003S	F-50179143-003S	F-50179261-003S	F-50179225-003S	F-50179241-003S	F-50179058-003S	F-50179269-003S	F-50179231-003S	F-50179265-003S	F-50179176-003S	F-50179173-003S	F-50179194-003S	F-50179149-003S	F-50179198-003S	F-50179163-003S	F-50179215-003S	F-50179064-003S	F-50179235-003S	F-50179237-003S	F-50179255-003S	F-50179068-003S	F-50179171-003S	F-50179141-003S	F-50179207-003S	F-50179251-003S	F-50179257-003S	F-50179217-003S	F-50179157-003S	F-50179182-003S	F-50179188-003S	F-50179201-003S	F-50179211-003S	F-50179165-003S
Firmicutes_SGB5060	0	0	0	0.0538678742769078	0	0	0	0	0	0	0	0	0.00220811846023627	0	0	0	0.017275153048125	0	0	0	0	0	0	0	0	0	0	0.00618197080935857	0	0	0	0	0.0216379362226683	0	0
Firmicutes_SGB4052	1.52901077880448	0.461404045128084	0.60315	2.97846086525972	2.13533213000297	1.69667	2.48197950749765	1.11720544584435	2.91389372681503	0.367709737231223	0	3.32561323040404	2.50473907276917	0.675289199146158	0.355313179004944	0.94131	0.205912833323896	1.78483561423141	1.60211910454937	1.0405428127967	1.1728	1.89508770472358	0.533487658976339	0.961679208424697	7.02591655243024	0.40193335709806	0.12623713807849	1.27207686102867	0.757353232203694	0.696005486736761	4.65506964942896	0.401813433647547	1.03425867233868	2.15354247282739	2.0701047895061
Firmicutes_SGB4688	0	0	0	0.0441416038242049	0.00146029165019558	0.01794	0	0	0.0135015240134629	0	0	0	0.0209325669279797	0	0	0	0	0	0	0	0	0	0	0	0	0	0	0	0.00183235238517993	0	0.00157910840968722	0	0	0	0
Firmicutes_SGB5749	0	0	0	0.112972270567209	0	0.06072	0	0	0	0.0109375821036011	0	0	0.149043045127696	0	0	0	0	0	0	0	0.91742	0	0	0	0	0	0	0	0.00957213251216392	0	0	0	0	0	0
Firmicutes_SGB63246	0.00351808134782541	0	0	0.230953388277664	0	0.04022	0	0	0	0	0	0	0.31352311572404	0	0	0	0	0	0	0	0	0	0	0	0	0	0	0.114839198917379	0.0157754088161585	0	0.190060778478309	0	0	0	0.0394410669344005
Firmicutes_SGB72905	0	0.00371076269097719	0.06866	0.489938106567893	0.139535918499506	0.8466	0.21362630685288	0.182878369359943	0	0.087396218110806	0.00773710360800265	0	0.561129439565601	0	0	0.05218	0.00765331594038337	0	0.00165351668462336	0	0.16652	0	0.050953642339369	0.0313869783498487	0	0.0552226207309254	0.0303874410092173	0.178986237198017	0.18916175326381	0.081504908482523	0.0900357935388516	0.0289986099923664	0	0.117677225149162	0.27952787004207
Firmicutes_SGB66598	0	0	0	0.196301273041208	0.0960026957200906	0.0977	0.0473811948365652	0	0.038198756210929	0.0139568104967827	0.040006911015762	0.0584807661973941	0.256032820745871	0	0	0	0.00675184363009783	0	0.0158700651630331	0.00817027446951978	0.01983	0.00956862345450325	0	0.00783561445329556	0.00264560047966058	0.019553717248972	0.00396769641098848	0.0987297102788737	0.031684426660403	0.00373180430787446	0.00246624796569128	0	0.00441702283077666	0.0920476326310144	0.0242728879398696
Actinobacteria_SGB14327	0	0	0	0	0	0	0	0	0	0.000645621165837567	0	0	0	0	0	0	0	0	0	0	0	0	0	0	0	0	0	0	0	0	0	0	0	0	0
Firmicutes_SGB105987	0.0314873153319222	0	0	0.775487928706937	0.0450669882233316	0.06416	0.0060970557292716	0	0	0.0101590389330323	0	0.116131950353508	0.0215761889006943	0	0.0010021830118769	0.00415	0	0.0161609968564908	0	0	0	0.0283147574276318	0.0102438719898246	0	0.06689191949626	0.0534611933984832	0	0.0431919754636214	0	0.0125192920868282	0.187009018405655	0.037709316682313	0	0.0108994174587854	0.110872165507643
Firmicutes_SGB106203	0.0186623982855558	0	0	0	0.0114710960446181	0.03817	0	0	0	0.000693093310384447	0	0	0.1196641775424	0	0	0	0	0.182638166229056	0	0	0	0	0	0	0.0244973321607869	0.00618373425219049	0	0	0.0137808168968741	0	0.156580131634716	0	0	0.0112004055559736	0.000988402641247628
Firmicutes_SGB105989	0	0	0	0.390935966032937	0	0.05956	0.071587843993689	0	0.0622848083090203	0	0	0	0.14053733321136	0	0	0	0	0	0	0.0283694924810511	0	0	0.00338102751721402	0.0348417719951654	0	0.0325395591785721	0	0.171986064369773	0	0.0343728916069774	0.413673174964691	0.0494576470215043	0	0.0190808211914469	0.117600906565367
Clostridiaceae_SGB4746	0.0214008494177967	0	0	0.130029671838663	0	0.0694	0	0	0	0	0	0.0118048570931638	0.2051371755189	0	0	0.00123	0	0	0	0.0308606422660006	0.01368	0	0	0	0.0521136880449631	0	0	0.0142185328615247	0.0116239854434852	0	0.0330459484611511	0.0133313173113328	0	0.270633903629356	0.0666696589264626
Lachnospiraceae_SGB4784	0.0170544109659127	0	0	0.0107644678605757	0	0.00838	0	0	0	0	0	0	0.0272202585075762	0	0	0	0	0	0	0	0	0	0	0	0	0	0	0	0	0	0.246456240053487	0	0	0	0.00720393463524713
Lachnospiraceae_SGB4859	1.03877929924489	0.851580976919359	0.58065	5.32440451327036	5.24069283737706	2.58009	2.88134621427863	0.0640715101409918	2.43036692546868	1.11999131743672	1.20873553119134	2.75528988016234	2.8149351579881	2.4059446751602	0.903713618298171	1.10342	0.389675204166491	0.407654057548465	2.62037130648251	4.26180853227084	1.41616	1.40251279675911	1.98201513918329	2.00741319007566	3.10086654957101	0.951114543752826	0.473869842001636	1.21549364585596	0.948719534430923	2.55143172729559	2.78250434601116	1.80637638231292	0.252235731445942	2.06487867607689	3.63268383047465
Lachnospiraceae_SGB4870	0.433932432616682	0.0620966840840103	0.03095	0.297343380412686	0.137377625808965	0.15255	0.0386560978446766	0	0.70390352869366	0.209551540458837	0	0.684595892571647	0.173550189473368	0.0591064415223914	0.0607991027205319	0.06704	0.0732216284680909	0.0696340496132306	0.054510625452304	0.0728966173085406	0.17255	0.123027757457805	0.180037424622597	0.0960129893748705	0.921300197913519	0.0656037988391482	0.0520629949107749	0.138748880135927	0.0948051489290493	0.0707987552496492	0.0740584101352186	0.135204200793562	0.0292034567324077	0.179188247192718	0.198174729570149
Dorea_phocaeensis_SGB4572	0	0	0	0.0350892509871388	0	0.00072	0	0	0.00764901154672179	0	0	0.00444350840501967	0.0435583547380239	0	0	0	0	0	0	0	0	0	0	0.00303630060065203	0	0	0	0.00179095330800535	0	0	0	0	0	0	0
Lachnospiraceae_SGB4591	0.210714556517122	0.0932670906882187	0.35399	0.745398417868238	0.284407871267966	1.45044	0.713479755002647	0	0.756011262317635	0.180868870723613	0.351108023056192	0.139627239430693	0.845016238915259	0.144434680459519	0.155240113604461	0.02696	0.167710644501286	0.101360638178868	0.0833871235312572	0.158562554843431	0.03509	0.114614281511593	0.180330630260946	0.254301305438774	0.153593352759522	0.220094092906374	0.240230286993716	0.519803742598081	0.388592314686232	0.282964781144126	1.47939392359236	0.15380643688781	0.0988354488787422	0.609528259360427	0.713503156650631
Lachnospiraceae_SGB4574	0.00410280400951385	0.00163078255103471	0.01783	0.0477844017465656	0	0.0783	0.00436732675278546	0	0.0321610376534682	0.0451365150351735	0	0.00888701681003934	0.0791159932613801	0	0.00597379677667799	0	0.0156837784595597	0.00226821008512152	0.000295600748089092	0.00521747804610058	0.00275	0	0.00051310986711107	0.00483493028197669	0.0411321253521965	0.0117022486075544	0.0108709199995579	0.0256460877252949	0.0343566072221238	0.00461439041667768	0.0105480893208882	0.00902730408437492	0	0.0255292631524187	0.0882909667037545
Lachnospiraceae_SGB5086	0.00117919070107167	0	0.06657	0.00199443186249245	0	0.00036	0	0	0	0	0.0444057586850309	0	0	0.00048855260200922	0	0.04267	0.0136692638069828	0	0	0	0	0.0284511921727055	0	0.00115753395332775	0.0257690769527641	0.00778588358116711	0.107336130831872	0	0.00930491445599185	0.00061397294525441	0	0.0153335819139335	0	0	0.0601214914281971
Blautia_wexlerae_SGB4837	0.108914341117166	0	0	0	0	0.02839	0	0	0.00303737988780236	0.266973846502743	0	0.600789035550793	0.489608185582253	0	0	0	0	0	0	0.318266160812136	0.00545	0	0.165212214533566	0.369849906302884	0	0	0	0.00087274882014474	0	0	0	0	0	0	0.0328738916930341
Blautia_hansenii_SGB4794	0.0982528979190465	0.0196670422621791	0.13163	0.719097416868794	1.56906041757461	0.62568	1.37301299026903	0.00252581511725329	0.843298892873809	0.0779492613459769	1.37410960078127	0.297524354621081	0.285292865813127	0.368958294365653	0.319440922373939	0.26202	0.242882396742647	0.565143444458735	0.85626299198032	1.18338325099036	2.18403	0.23725092603352	0.422490999508776	0.591749165155814	0.125122978474894	0.392039382294555	0.197873470653975	0.236460383457965	0.377560026367128	0.575964182612254	0.0488636467447034	0.271426647261096	0.63912677666897	0.758845718120072	0.692166965019853
Blautia_producta_SGB4791	0	0	0	0.142515361717554	0.355521319365226	0.00135	0	0	0.0692392970155434	0.00418704314903481	0.00251238532889075	0	0.000475290072158479	0.127183719616159	0.0316375421396433	0	0.0753373287881488	0	0.0332273715898895	0.162717374589658	0.1257	0	0.0146511192412607	0	0	0.0725370766370587	0	0	0.0569747069766886	0	0	0.10206415461462	0.0118182738963962	0	0
Lachnospiraceae_SGB66069	3.0485393051119	0.638846857911628	0.60343	7.7766814326347	0.878544519964836	5.91525	2.21498007172944	0	2.13977856912955	1.0666041436793	0.0679821912523379	0.455516824069087	2.01570519602411	0.522111111774819	1.03703343484874	0.38662	0.327418422574526	0.261061529922132	1.09955164518102	0.814579848736695	0.78881	0.671295328361367	2.09282854512688	0.897542923303007	2.21220470704867	1.67270948451185	0.433094422560786	1.26814949133802	1.09857160293142	0.576846768721058	3.18193893110199	1.87215163017699	0	3.09505148253499	1.95401499851726
Blautia_SGB47659_SGB47659	0.0476354061722178	0.00606416745025482	0.03127	0.453756016204046	0.322467296415202	0.23692	0.252062604882865	0	0.0842965521910514	0.052751047020493	0.0818828976222213	0.0329639668586974	0.231218718228597	0.0361865858315795	0.05455019688177	0.04033	0.0222608468458266	0.0541251631562122	0.0381602090736262	0.100273134001185	0.08577	0.0150714915058098	0.0919749436796594	0.0990403858681892	0.0935428632755776	0.124808369656711	0.0169313632048864	0.152985595264538	0.0969906108884566	0.0903499562250943	0.174766492532799	0.0758122409360775	0.0416423040843675	0.0836655701668941	0.161945971219804
Blautia_SGB59878_SGB59878	0.312641461827111	0.00365217170111965	0	0.356256529812064	0	0	0	0	0	0	0	0.00187847887508342	0.0288837737601309	1.12618955751777	0.0245043571727548	0	0.0129241693464407	0	0	0	0.21286	0	0	0	0	0.0701385372907545	0	0	0	0	0	0	0	0.0061748164180734	0
Blautia_SGB47660_SGB47660	0.291825335071003	0.246472764000695	0.17186	1.00809879003928	0.988709289424559	1.16696	1.37544034474432	0	0.921252136457712	0.492181700233142	0.376075395597971	0.284518033881925	0.973403969657068	0.409339693917932	0.499568580773342	0.31511	0.0776094069579502	0.190718664657301	0.196288134254535	0.488892500453312	0.14423	0.273733576866231	0.640388602183211	0.501212201790917	0.377011992564683	0.793710399151614	0.183072732013461	0.390446003412253	0.687513884522721	0.628295782867923	1.68265533866401	1.49188393272324	0.28907771732992	0.672772243175672	0.764786047536903
Oscillospiraceae_SGB15313	0.815093645015982	0.803389887761537	0.34614	7.35592005861243	0.536018877863929	4.62161	0.263023926076399	0.384765836194918	0.10449327638403	1.83350714440524	0.00799790485321622	0.683413499777178	2.26435121689852	0.00429589356939142	0.799132873411723	0.29821	0.0749141887241373	0.0209431397859553	0.066279230235601	0.104941862269482	1.32251	0.099624650852827	1.11616972646195	0.304386909188533	0.289094511361647	0.948669157934914	1.12959085793316	1.13669170030372	2.59926820639379	0.602844685621674	0.229281218249248	1.0317481250102	0.0304993601249083	1.42010744679115	1.75105982155723
Blautia_caecimuris_SGB4862	0.456541708868634	0.0787462903685264	0.01246	1.3609037688199	1.39979516529094	0.21343	0.0409687741557796	0.0341452784369426	0.448420986850431	0.0776264507630581	0	0.186684565565397	0.343317862122475	0.321652925178001	0.0424650487973721	0.05624	0.00776370030490813	0.174822292310741	0.233099664915004	0.095778612011556	0.30802	0.0352456424773765	0.0636805995789632	0.120143120248087	0.408183664181175	0.135442518711615	0	0.0122093923484832	0.0591792559401082	0.0345167915160214	0.902983868474288	0.152925098195212	0.00625136495678102	0.2277020559486	0.0602640495014539
Eubacteriaceae_SGB71318	0.210120088477739	0	0.23142	0.461132681996826	0.50161477395429	0.1225	0.900395606113655	0	0.275040305023225	0.198281653343408	0.00106059173053519	0.616255496136505	0.328564066132555	0.272106952677687	0.414510753971202	0.30315	0.420049301804887	0.259596644242158	0.544062414381351	0.176436119034747	0.71658	0.0376741809396886	0.418587699448253	0.193165704488402	3.12267186720863	0.364175100982412	0.265740965111145	0.379018448548483	0.560222654764752	0.302487202137763	0.110031919131183	0.0175155369295881	0.0711651736247859	0.248725618494626	0.333177224944405
Prevotellaceae_SGB1482	0	0.00852498902427127	0.07022	0.10606006150953	0	0.13155	0	0	0	0	0	0	0.022813923463607	0	0	0	0	0	0	0	0.04604	0	0	0	0	0	0	0.0765109798993555	0	0	0.0474176092684168	0	0	0.00767063605258453	0
Bacteroidaceae_SGB1818	0	0	0	0.00102909041306688	0	0.15863	0	0	0	0	0	0	0	0	0	0	0	0	0	0.0153737040924333	0	0.0137799092524453	0	0	0	0	0	0	0.0116430724474975	0	0.000168556515640771	0	0	0.000529009382936864	0.0325697678034194
Prevotellaceae_SGB1481	0	0.0241199574913517	0.00286	0.186392862692388	0	0.13799	0	0	0.00738046271517829	0	0	0.00601685365572406	0.0792843251619363	0	0	0	0	0	0	0.0125776933198151	0.60766	0	0	0	0.0209605820458722	0	0	0.0278643243098294	0	0	0.0282642662542892	0	0	0.00163263240596032	0
Muribaculaceae_SGB2126	0	0.125062467850907	0.13611	0	0	0.02222	0	0	0	0.00194635792642208	0	0	0	0	0	0	0	0	0	0	0.04499	0	0	0	0	0	0	0	0	0	0	0	0	0	0
Clostridiaceae_SGB71784	0	0	0	0	0	0.00094	0	0	0	0	0	0	0	0	0	0	0	0	0	0	0	0	0	0	0.022176629985646	0	0	0	0	0	0.0428222263683158	0	0	0	0.00437178091321066
Lachnospiraceae_SGB66068	0.367225322295726	0.00726528274233428	0.01449	1.76413417784081	0.202236617215765	2.03855	2.23587061063883	0	1.80285164889235	0.0252931586145776	0.116995438602809	0.0469429010255619	0.648553107213251	0.0669485531167118	0	0.03776	0.0896597000852365	0	0.3403380738077	1.34134479417239	0	0.187752400520776	0.190107205764652	0.424102632284622	0.736702264094115	0.0848951758471182	0.00688428470355281	0.404073612593471	0.0694480640987207	0.143199596153322	0.796021452206879	0.258471824148543	0	0.821177616792322	0.84939901595063
Lachnospiraceae_SGB65958	0.318488688443995	0.0952201236834699	0.34005	1.83104326867977	1.61197829733162	1.48836	2.6891647241287	0	0.847817921487369	0.376207251105114	0.450325510110276	0.170331310383833	0.671050170628752	0.0657440182531373	0.223555588914069	0.5853	0.1756859148382	0.0309894202879727	0.979417653652938	0.430071750461129	0.37429	0.0460057960388569	0.585714913307287	0.350269774276978	0.135204108723706	0.646631216892695	0.474078169736819	0.424483207397898	1.27809441916902	0.600801306913249	0.21660399399395	0.643993327012535	0.060962215928901	0.935543972872414	0.918758270525872
Lachnospiraceae_SGB58537	0.384883946678717	0.295142346242354	0.2335	0.422200279201597	0.546727683298697	1.05524	0.700272653093786	0.00650163520922606	0.777884101631627	0.512803599824307	0.00192123583973998	0.226256582477053	0.21257348477288	0.197745877323594	0.252677848200375	0.15914	0.0228127686684504	0.0676493657887493	0.234503768468427	0.0909879393481915	0.15524	0.184996418670287	0.689702125483064	0.120071887389421	0.380177430331575	0.375324561224998	0.0368171924723704	0.397627998911361	0.182347692831422	0.169044019817624	0.906150956689223	0.214541796500031	0	0.637200922598883	0.502773812762327
Muribaculaceae_SGB48227	0	1.31285807490275	0.1905	0	0	1.39249	0	0	0	0.064619083157213	0	0	0.677486390355899	0	0	0.11574	0	0	0	0	0.45297	0	0	0	0	0.012142605440665	0.11656883727749	0	0.0229425788227738	0.00937268074239936	0	0	0	0	0
Eubacteriaceae_SGB106207	0.0791324668818347	0	0.02493	0.348069341481558	0	0.09216	0.0588490112552579	0	0.241314275903176	0.0525516640133961	0	0.0375409712243829	0.617787976917493	0.0373237341293596	0.0959737613726819	0.17273	0.141356377470999	0.209610964491292	0.238632941418297	0.0788806029807795	0	0.124728643946391	0.0928820486233022	0.147220510648624	0.97650506125577	0.272103045685024	0.0681799860599453	0.066210725594939	0.134172094704399	0	1.19110018207773	0.00857379970857219	0	0.652186481498284	0.0346606195445202
Lachnospiraceae_SGB106011	0	0	0	0.0401800610836378	0	0	0.0575684384218372	0	0.0700819847283178	0	0	0	0	0	0	0	0	0	0	0	0	0	0	0.00549383422464018	0	0	0	0	0	0	0.126444000917258	0	0	0	0
Lachnospiraceae_SGB106016	0.449281402486003	0.0222255154859581	0.05596	0.0456260439775669	0.178780108570485	0.24893	0.225667514092507	0	0.101066963705716	0.120256436566156	0.000156480747128143	0.035815059161489	0.470061881364736	0	0.1231702572244	0.05058	0.0369971595098821	0.0795480178602826	0.0184380966620571	0.117876678460566	0	0.00461149438349158	0.168877285012931	0.0398547844238079	0.223307246100754	0.245466141928998	0.0935391530972416	0.465811500485169	0.197521861021193	0.0485902026205248	1.41668202837844	0.104357346552641	0	0.266301499200131	0.475944383375384
Clostridium_sp_AT4_SGB4753	0	0	0	0.000373386787041965	0	0.01919	0	0	0	0	0	0	0.0159321192938123	0	0	0	0	0	0	0	0.21697	0	0	0	0	0	0	0	0	0	0	0	0	0	0
Prevotellaceae_SGB65708	0	0	0	0.0112835665645121	0	0.02779	0	0	0	0	0	0	0	0	0	0	0	0	0	0	0.01511	0	0	0	0	0	0	0	0	0	0.000816168391523731	0	0	0	0
Bacteroidaceae_SGB65710	0	0	0	0.00126587227802032	0.00297568864568156	0.00437	0	0	0	0	0	0	0	0	0	0	0	0	0	0	0	0.0375377461946149	0	0	0.0233926779254198	0	0	0	0	0	0	0	0.0405197962162156	0.0154780848766182	0
Clostridium_SGB6177_SGB6177	0	0	0.00477	0.417027506151845	0.00192868708516398	0	0.0677652385207914	0	0	0	0.00400764580144856	0.221136058842942	0	0	0.260793565531848	0.2285	0.342541080514418	0.0194120979784983	0.0126369319808087	0.222278501266178	0	0.0913476096516883	0.368064702890209	0	0.402112707291007	0.0684520643128844	0.188489253128224	0	0.0417051037668558	0	0.00345097287285578	0	0	0.0304271603702996	0.159655538176143
Enterococcus_cecorum_SGB7961	2.71361016449677	0.207890597179509	0.07273	0.193159359833172	0.973399187658044	0.20148	0.0109039821114403	0.217192035471369	0.606651810456769	0.407320494641139	0.449951694992136	0.151870726108902	0	0	0.0389377576085113	0	0.85197412149323	0	0.77234932961653	0	0.30136	0	0.878270001646383	0.239689665304845	0.0222973064987534	0.00319492936363175	0.0567030217398545	0.105748065374204	0.531200865164064	0.0485230493296376	0.155932519758833	0.330442112919801	0.194029591746162	0.248661772534616	0
Clostridium_saudiense_SGB6178	0	0	0	0	0	0	0.0534686940521546	0	0	0	0	0.00846745807651817	0	0	0.117540346775327	0	0.00495809770657048	0	0	0.094550457746948	0	0	0	0	0.0119191263715234	0	0	0	0	0	0	0	0	0	0
Acidaminococcaceae_SGB5750	0.007279797138021	0.0452224790050404	0.07002	0.0973719884646996	0	0.30694	0	0	0.00955663428113424	0	0	0	0.113653738504896	0	0	0	0	0	0	0	0.01702	0.0325988084229464	0.000494784514714247	0	0	0	0	0.0513103577176762	0.00915221842389352	0	0.0648676443350166	0	0	0.0234953132835407	0
Veillonella_magna_SGB6926	0.0390497284230926	2.20490589548372	0.00235	0	0	0.03838	0	0.330021132246154	0	0.231094399654212	0	0	0.0716499783778907	0	0	0	0.00402902930515375	0	0	0	0	0	0.050220628243496	0	0	0.372673050932013	0	0.183159067494334	1.16451720179388	0	0.000177427911200811	0	0	0.0282563977299725	0
Eggerthellaceae_SGB14792	0	0.143128023056981	0.02665	0.0355719217118516	0.0708103686981631	0.19241	0.2046814100463	0.0588982665860249	0	0.037550466336582	0	0.00112518023989768	0.040013482949842	0	0.0383777141606977	0.01037	0.035571361468104	0	0	0	0.07836	0.0540008721001766	0.0267000384421725	0.00087260251866246	0.0123368527630488	0.0813254747106264	0.0341941568975642	0.0133094195072073	0.0543407004229924	0.0319074064986901	0.00739874389707383	0	0.0736474674470406	0	0.00612049327849493
Clostridium_perfringens_SGB6191	0.0964694938008968	0	0	0.238357375054862	0.260363572272922	0	0.0802364888761197	0.127132694235082	0.0069452284019871	0	5.31911963650438	1.87005909413571	0	0.0676898053404499	0.0181375474502427	0	0.280155517163841	0.00533029370003557	0.808246345462599	0.000583591033537127	0.03282	0.356476701928604	0	0.63124778528629	0.698512789099997	0.00988460550918328	0.886368227106814	2.93841800155773	3.62690295891352	0.829487042365978	2.45272795885777	0	0.0359476300215481	0.0873595149960222	0.384659697133236
Slackia_SGB14778_SGB14778	0.186165950103903	0.10591297933247	0	0	0.030087518528558	0.09662	0.11482151189216	0.112932000353636	0.100631729392525	0.291165651363833	0	0.144747763064804	0.199621830306561	0.00404319394766251	0.0801353396555685	0.012	0.176026266628818	0.0443718597901897	0.0551942021822601	0.0469485921009719	0.01441	0.0471336565981329	0.348594015968584	0.162428725973884	0.112154894720207	0.238242416007121	0.00268932167236451	0.0917113551835431	0.151474463841541	0	0.249011201974778	0.0187904831936373	0.0777633296302643	0.228376998954416	0.0693497507036917
Schaalia_canis_SGB33774	0	0	0	0	0	0	0.00146214659338332	0.00124419781701736	0	0	0.000712856736917098	0	0	0.00426220028649423	0	0	8.27882733935701e-05	0	0.000849852150756138	0.000609721975337297	0	0.018518742731339	0	0	0	0	0	0	0	0	0	0	0	0	0
Slackia_SGB14781_SGB14781	0.147164948569284	0.273170725045778	0	0.124802256820075	0.166647748382383	0.29119	0.22389000254761	0.379162268582938	0.0698689977239902	0.0373415889005758	0.0290010984677493	0.0377984277199527	0.112010027005348	0.0681530879802862	0.228674582533558	0.00556	0.196934905009216	0.00537754807680893	0.158368100788731	0.151838192486854	0.13203	0.0999429985913324	0.1644425497329	0.0482335494244342	0.236396006368548	0.226746291874639	0.013285627839181	0.15041280447182	0.0996818784541896	0.0283866553907469	0.659632616866816	0.842003605511606	0.104968174792548	0.245770462631323	0.265205535615529
Peptostreptococcaceae_SGB106454	0	0	0	0.0147897595647842	0.0227309549322897	0	0	0	0	0	0.100165064911693	0.0557440990037446	0.0798091246166113	0.0106302307540627	0.0468274924961304	0	0.0245421237126717	0.0225403377208951	0.448454047421285	0.797054697102715	0.01615	0.0724832322328293	0.0247942017929028	0.0482869740684339	0.2075914509707	0.0050219417563244	0.0310124242147668	0	0	0.0381526625511998	0.0119852554016148	0	0	0	0
Slackia_faecicanis_SGB33547	0.0556948335258233	0.106391472416306	0	0.567511488324563	0.0817120428414471	0.00774	0.327740636732554	0.113287485444212	0.190595587959598	0	0.120377161415745	0.295874725964282	0.0360527323485213	0.389022644330928	0.104187731940614	0	0.0460118826127375	0.0240619286529974	0.00375043449138035	0.0583068414701124	0.09665	0.0883824278587529	0.0634515326740029	0.0682855991390041	0.165493913513645	0.0814941220084134	0	0.110357270080594	0.0688277364683213	0.0651962521242027	0.218919428235121	0	0.0812129879567799	0.0503470998933016	0.0107108632373661
Megamonas_funiformis_SGB6962	0.0315360422203962	0	0	0.00765898263176323	0	0	0	0	0	0	0	0	0.242338525541804	0	0	0	0	0	0	0	0.41398	0	0	0	0	0	0	0.00455465790513036	0	0	0	0	0	0	0
Megasphaera_elsdenii_SGB5862	0	0	0	0	0	0.02681	0	0.257043785099143	0	0	0	0	0.987395321156233	0	0	0	0	0	0	0	0.17052	0	0	0.0308705401245178	0	0	0	0	0	0	0	0	0	0	0
Faecalimonas_umbilicata_SGB4583	0.123454444637818	0.177559994763258	0.27047	0.778866623779926	3.16028236818019	0.26863	1.12465831269487	0.019822971235036	0.870246379073519	0.0100830835017573	0.665877739279293	0.0571744128680214	0.197384006216815	0.568211946098896	0.143479201200376	0.08579	0.168943269905145	0.017399061527953	1.49164756247445	1.03598731860953	0.87666	0.783853993047182	0.108925894646722	0.154085577402591	0.408981985729423	0.208251304883997	0.216973336193268	0.124439435938971	0.084421818746363	0.253868219535429	0.127224683726542	0.213463654021707	0.450180411610293	1.18798177789903	0.114112985706349
Phocaeicola_coprocola_SGB1891	0	0	0	0	0	0.02787	0	0	0	0	0	0	0	0	0	0	0	0	0	0	0.01641	0	0	0	0	0	0	0	0	0	0	0	0	0	0.00237596788761449
Lactobacillus_johnsonii_SGB7041	0	0	0.30136	0.0509536359390193	0.0669897314246954	0.05769	0.029271601408713	0	0	0.269214531725356	0.135208058893556	0.000944007150422634	0	0.0144544183628935	0.10403052676228	0.47672	0.661469105717582	1.3429977405251	0	0	0.85089	0.167441814804135	0.368247956414177	0	0	0.466834458863096	0.557077833322295	0.112439139661981	0.268277384894756	0.0382773758057046	0	0.0526150642794515	2.23599004295748	0.124983027144549	0.495959536860649
Coprococcus_sp_AF21_14LB_SGB25437	0.067038453162579	0.0171183342033763	0.01955	0.191046537038203	0.0201777406005012	0.13509	0.205589278846113	0	0.0698041755922383	0.0354427031187006	0	0.00339461157121674	0.1280609688172	0.000235852980280313	0.019179031756703	0.00054	0.0117375374277995	0	0.0178284201191233	0.00267406637755072	0.05449	0.000864086718800198	0.0151275784035782	0.0292588966971923	0.0143419394423705	0.063467599733846	0.0269595028212034	0.0426555985845742	0.0658119898343793	0.0106485932692562	0.101027452637742	0.0231629499112824	0.000720960338081314	0.109076262250723	0.0256414454431356
Fusobacteriaceae_SGB6036_group	0.00901447436769669	0	0.00367	0.0608165113138107	0	0	0	0	0	0	0	0.0210351492306296	0.050192611995236	0	0	0	0.000404742669924121	0	0	0.0184658655387867	0.92829	0.0638332693951557	0.00514942402350753	0	0.0562074066819115	0	0	0	0.0235151889431425	0	0.125335076472253	0	0.0679071629830767	0.0468082095384825	0.00835390309285255
Fusobacterium_sp_SGB6030	0.00510657791207899	0	0.4201	0	0	0	0	0	0	0	0	0	0	0	0	0	0.0135036872601957	0	0	0	0	0	0	0	0	0.0109152278845484	0	0	0.0653634452400904	0	0	0	0	0	0
Eggerthellaceae_SGB105269	0	0	0	0	0	0.05158	0	0	0	0	0	0	0	0	0	0	0	0	0	0	0	0	0.0061939691101265	0.00149589003199279	0.0486604832083535	0	0	0	0.0396246203295161	0	0.0976030939515662	0	0	0.0399402084117332	0.0109959793838799
Romboutsia_timonensis_SGB6148	0	0	0	0.151349146679278	0	0	0.402711486569758	0	0	0	0.0210118869893735	1.27048105765668	0.242843521243473	0.0623831132841429	0.44135353817167	0.17341	0.364958305209988	0.122369934092306	0.631301585161144	0.563827331222265	0.03586	0.187688730973075	0.703024656675555	0.0153150646132595	0.682221459830508	0.203285578893602	0.125896238148191	0.00242733265602756	0.127596621822165	0.0376729961877198	0.0426181842704348	0	0.000492808332359379	0.0163172032081733	0.496957443373447
Prevotella_copri_clade_A_SGB1626	0.0191009402818222	2.26267661148324	0.1116	0.823627503250933	0	0.42545	0	0	0.0191688303894844	0.0362212462892694	0	0.016276971775469	0.58535933136918	0	0.00112991221927297	0	0	0	0	0	0.86359	0	0.0438892189903934	0.0147719140659288	0.00255277239265494	0.0106435183492248	0	0.00370918248561514	0.16558930330863	0	0.0479410216064592	0.010824208214914	0	0	0.0584488100353165
Ruminococcus_gnavus_SGB4584	0.313050767690293	0.59792105149614	0.2869	0.544944355195539	2.12577135259509	1.98928	2.07152724484528	0.15905151342052	1.12862739623651	0.172665684145912	2.48994772842754	0.0635440772769337	0.771247258965662	0.155797740116596	0.111910436326254	0.07329	0.0541619281934823	0.033900289897212	0.211964211426634	0.336444585991121	1.60367	0.213056497907114	0.16022771868163	0.191598581597743	0.0806397591817945	0.639754154860713	0.0229444591976733	0.311025860779082	0.124685853710291	0.37573225584116	0.0410479472563077	0.266942943621085	0.762410994480875	0.228787437268764	0.482730147662411
Streptococcus_lutetiensis_SGB8021	8.46988317135547	0.361545468080893	0.02052	6.66020029741039	13.6195707994729	0.51316	17.0827078066403	1.04332067622929	49.4536655218308	0.0904249409328969	65.726121387243	7.75593414159508	8.39749430803153	65.6499213373262	16.8381090967842	0.1435	8.41694577546862	0.988429249843829	17.9072346685826	43.3180200194538	0.19269	4.32272569771823	2.21945673018894	55.5942366007867	15.739197090788	7.47030700983033	1.91110394814528	51.837170724236	12.3392804623478	36.2458352631305	48.4821146358527	54.4326841476098	2.51519334147975	48.5784573508179	0.811697157509963
Lactobacillus_acidophilus_SGB7044	1.10905321780215	0.58081248245774	4.38281	0.337796651340501	0.957666611577634	2.96189	0.866852243088979	0.484703921000907	0.00127792202596563	1.60997031016289	0.0491958082221202	23.1725149151471	3.06905691656884	0.857780442638051	6.66729759557315	3.99866	2.59803399954589	17.7170173275102	0.0383357220178041	0.00993846819799794	8.69258	8.8268459368368	15.6100849321865	0.404736198834716	3.21920379488579	8.81559713498301	1.46795297764066	0.358436122206736	4.38714787222508	1.02379029288446	0.0128014237931385	3.0092753474138	14.5859676256486	1.56847633700208	6.74337701991194
Fournierella_massiliensis_SGB15280	0	0	0	0.00659346423947274	0	0.06943	0	0	0	0	0	0	0	0	0	0	0	0	0	0	0.01422	0	0	0	0	0	0	0.00191822917760979	0	0	0	0	0	0	0
Coriobacteriaceae_SGB66221	0.635223208902925	1.27077021385509	3.54496	0.0344699753403375	0.650913522794412	1.03733	0.530864335048648	0.358899618420083	0.00229655552492373	2.27513101069595	0	0	1.5472177130234	0	0.252245533959957	4.94769	0.336718305285737	1.55321356103909	0.0664732182265345	0	0.44078	0	0.0992501085811985	0	0.0210348445154767	0.201271180614479	1.99781563319402	0	0.427978347465594	1.07883680475743	0	0	1.00310223443729	0.0548436796482649	0.80789560888978
Muribaculum_gordoncarteri_SGB2087	0	0.075064823172478	0.96349	0	0	0.00975	0	0	0	0.117892323767722	0	0	0	0	0	0	0	0	0	0	0	0	0	0	0	0	0.00454533240399635	0	0	0	0	0	0	0	0
Streptococcus_alactolyticus_SGB8017	0.0306394674724739	0.0404961391565326	0.00505	0.824829626565312	1.84918844035836	0.02932	0.440851532675593	0.374288380893719	2.03713735365271	0.11198678898609	0.321802656469027	2.03222808006741	0.0140309590051784	0.148385217879214	0.327930002003955	0.00971	8.46930475904153	0.0258575949703853	39.7540698322758	0.12718800405536	1.09061	1.1438779983477	0.0217155425902364	13.8276067709113	0.321175898230794	3.81579502114032	1.11710066326468	5.52809102926576	1.70820096758199	0.189717640083613	0.21216829621393	0.590856304866594	0.401255495503281	0.220222957776045	1.98466498426748
Erysipelotrichaceae_SGB65948	0.410631234548398	1.38931931666683	4.73719	0.0023040696858931	0.043606696573136	0.41774	0.520313943943451	0.0259036372580532	0	1.8380264925661	0	0	0.468477581124207	0	0.321848126667172	2.24883	0.0217181237202466	0.856239856258018	0.0823525209129454	0	0.01233	0	0.0738969835401926	0	0.0322391946170568	0.21007831727669	0.00129731362364063	0	0.251213603307768	0.646053031643953	0	0.00241298554672391	0.310195466979543	0.0275814547241565	0.202641549198865
Erysipelotrichaceae_SGB42251	2.33311163778072	0.906812750025062	0.72233	0.173078436286159	0.120671521961759	1.35304	0.247112330795463	0.0743618680260978	0	1.37703399130026	0	2.08850616291382	0.185927535102495	0.0528057976206173	8.27004368997911	0.37515	0.88837336569527	0.727140898913185	0.472647121147702	0.00401545472329277	1.58569	1.94229412651908	0.335912872109981	0.103634905252167	1.72593405607836	4.37558224896702	0.372366887754893	0.0738654600382918	2.13642744609974	0.187290528284404	0.000239527680121095	0	0.487223171259306	5.17353846894536	0.410196599989316
Erysipelotrichaceae_SGB65946	3.00035815778878	5.16469810429191	1.29307	0.107298612803132	0.00991896215227188	2.48481	3.76321174036241	0	0.0341520031287046	1.48748268280303	0	3.84969930112655	6.68688573082715	0.454513962962336	7.41762808643593	2.4929	4.72710922510537	3.49048234386602	0.565779831842521	0.028256258399917	30.16361	5.284727085233	1.30464597586329	0.0395253324524761	6.20832389331942	6.02423138566126	1.9106683537899	0.189031939763225	2.85539671323472	4.51870657049068	0.0078955420484361	0.084103669995565	2.60818809901202	0.699569304676853	3.17979583948067
Erysipelotrichaceae_SGB44483	2.75567121462756	3.07566565641644	0.91814	0	0.661355985726942	0.76255	0.11503175519317	1.31740903593449	0	2.57589552968716	0	0.274486765980464	0.587042650374741	0	4.36416313039629	3.94367	0.753088128273133	3.12133115251249	0.15678848429113	0	0.32475	0.10199861541711	0.560031931923138	0.0232041037105548	0.141145106292067	2.6955178684128	1.43656177572556	0	0.694976903091527	0.779141260855116	0	0	0.627536654778296	0.113919434360025	0.919404533791303
Erysipelotrichaceae_SGB65947	4.13465190382048	5.8432891836569	8.82643	0.760233712407052	2.47059305074976	3.72688	2.22750866116686	11.4566202734499	0.140117667933956	7.15102346039272	0.00741544873890591	0	2.86166211320718	0.00605636760076947	2.28622508318235	15.21243	4.65709794190554	5.06982757526078	0.391209115049157	0.0113843803109407	3.83199	0.0262136623534965	1.33813555736848	0.00597465602063786	0.843463846959295	1.16466886922279	9.46466043985903	0.0336917409110042	2.89396200484155	4.60477790275354	0	0.0234025371286876	2.83947947633268	0.400332410963187	6.03367541188149
Erysipelotrichaceae_SGB66599	0	0	0	0.0547330387834685	0	0.03019	0.0151184046453098	0	2.11259957531644	0	0	0	0.15112243919339	0	0	0	0	0	0.0101889882856959	2.10464702478322	0	0.0259498885130207	0	0	0.356459854101636	0	0	0.00851839212995439	0	0	0.517610445346126	0.0545831021367086	0	0	0.00574033841647661
Erysipelotrichaceae_SGB72140	6.94222700005058	14.9367963476808	6.02054	0.153407327505412	1.05511123049949	5.64866	2.96305440626181	5.4007165934526	0.0438197610642706	6.60192265884787	0.0161001302045179	0.0325634789767	8.87921069804065	0.029818555364011	6.24959361141705	7.80028	7.22465665814556	2.04494260574272	0.655854922299294	0.0314442332995378	8.14614	0.106810214093376	1.98868556745573	0.0301047868938549	0.342507792624689	3.63966165719043	8.71903653675346	0.0435101651376325	5.66829621203607	5.9479588404248	0.000594383502522717	0.0603417520407696	2.54658705746709	0.652378019378313	7.86735238882685
Erysipelotrichaceae_SGB65944	10.1395782225622	6.69150117865945	7.49273	0.038495267044546	2.16953418097988	5.81329	2.6082210532401	1.22732163008579	0.0118068882833781	6.39652967825134	0	1.44058351782223	2.04039057414684	0.0164760153367247	4.38984652640655	6.63229	2.18315436547958	6.867714848357	0.0850775903093917	0.000932003590872726	2.19148	0.319839425051475	1.59082384156829	0.0459451938397785	0.428271662209194	7.181817068377	2.33933107725679	0.00611833287455635	1.99825662405477	1.90087942516219	0	0.0137591516281278	1.24531752979192	0.350797066847151	1.97576936049626
Ligilactobacillus_ruminis_SGB7061	0.0403166275234175	0.952582078268773	0	0.02535387353963	0	0.09063	0.0487573328068083	0.249746985871523	0.0294662890334973	0.459084121055057	0	0	0	0	0.557282531869077	0	0.803561378952079	0.103099599244128	0	0	0	0	0.029045683548966	0.00888629911862383	0	0.0312934430338125	0.347367559532913	0.0915749881803955	0.627380278381998	0	0	0.0259952130884654	0.144328958819696	0.0170651130254288	0.318579278242901
Leucobacter_sp_OH1287_SGB33648	0	0	0	0	0	0	0.00114678164186927	0.014808760483748	0.0205763966789538	0	0.00435538079506666	0	0	0	0	0	0	0	0.00735306860871615	0.00374543499135768	0	0.00231029501658158	0	0	0	0	0	0	0	0	0.00542042268718478	0	0	0	0
Turicibacter_bilis_SGB6847	0.0442147786013404	0	0	1.15538621703512	0.0536175009675585	0.29062	0.490765203637953	0	0.203402589132862	0.0350819148201443	0.0193253722703257	0.191290176208368	0.300333816221642	0	0.842364297453471	0	0.572692480548543	0.0796992318659573	1.00871907780727	1.59658312336251	0.02769	0.108065413748054	0.310889603412118	0.50952863804021	1.42464193408417	0.0111307216539429	0.149266822258739	0.000681835015738078	0.412508330713633	0.00770344179748893	0.0173790639021195	0.101311166217061	0.0584890481868752	0.0275540921698667	0.287729711190115
Ligilactobacillus_animalis_SGB7076	0.00225118224750047	0.154670448058915	0.04896	8.34889213027911	6.18797209136745	0	0.877125495297391	2.04029732249238	0.132394573950946	0.0442725220044202	0.320942012359822	0.401193503503858	0.0196255192295439	0.0322950116569543	0.0370414701448619	0.00342	6.32073749444638	0	0.00176436696515677	0.182524628474187	0.1137	1.76899471332645	0.401435169604825	0.600119026049107	0.349906191159038	0.461456483922554	1.29077023886737	5.45171641636955	1.20570695645241	0.199502833898605	1.38674993975886	0.0617963887178726	1.55840596420402	1.83749584992834	0
Erysipelotrichaceae_SGB105325	0.98075532045001	5.28154806839778	6.51647	1.47961344611483	0.956610425792902	2.45716	1.39432401578043	2.62887772890803	0.00663963835229966	2.14591183323934	0.00528557190299507	0	12.240709635258	0.00711770601203088	0.0432117733944569	10.51031	1.78463921345406	4.45345093550436	0.108494712072074	0	0.6074	0.00957771910417483	0.547772271169663	0.00799588838529479	0.301524192211701	0.050238156151887	4.97265993606957	0.0042910150323783	2.19627474718028	8.58188358891168	0	0.00539926907795315	2.89344198872604	0.0430777813036346	2.01903098379394
Butyricicoccus_SGB14985_SGB14985_group	0	0.00377911884581098	0.01256	0.156576561697866	0	0.09929	0	0	0	0	0	0	0.0332703050510935	0	0	0	0	0	0	0	0.12902	0	0	0	0	0	0	0.00420010369694656	0	0	0	0	0	0.0057187738465761	0
Collinsella_sp_BA40_SGB86217	0.308860255281526	0.0504859029272423	0	0.283345929396016	0.106757422275934	0.14459	0.399347593753608	0.567064203564973	0.609198394204164	0.0126370848783794	0.240215333591381	0.0699614188146552	0.269043886471209	0.0715729561943508	0.0168995566708654	0.02164	0.0221964559665205	0.238965383342907	0.346203901152593	0.168544574611096	0.43135	0.0503898991805589	0.011031862142888	0.387586888110798	0.571932409659114	0.0677025207671643	0	0.14866730683153	0.0115762679334545	0.0823491212822478	0.258565694992942	0.0281686114177841	0.780261607408559	0.25308538547814	0.163152962906712
Peptacetobacter_SGB6132_SGB6132	1.27315563280501	0	0.14701	2.37790009278454	1.31733920028807	0.00361	1.7533813478497	0	0.0331426299342824	0.330766914344841	0.404172383082314	1.44285294915354	1.09060257995015	0.561085816766141	1.13886308911435	0.61025	0.825058733943276	0.785641817358611	0.838998060787242	1.80447218601073	0.82073	0.82227401725994	1.41930770581021	0.374916343375526	7.1536851313848	0.820778290446429	0.675815172934191	0.361154371136145	1.09431520103668	0.175749755579075	1.52742365915442	0.0112777125907167	0.318846991036518	1.1878814485333	1.58185289247287
Holdemanella_porci_SGB6796	0.216191458781604	0	0	1.12670829039134	0.374789821768436	0.57395	0.430492271844041	0	1.06487945981081	0.0421837476443575	0.13759004359984	0.514016661118005	0.912190569113658	0.275434164363784	0.355057720590152	0.04951	0.0924653026835741	0.0355163895828611	0.383412645318307	2.68659180898693	0.28218	0.424257483281226	0.520330055955419	0.629092991311634	0.29920349003656	0.219063470531009	0.0482941567924612	1.03264367690209	0.344024160317533	0.398861767888166	0.336660590107979	0.172186199137324	0.261726854883975	1.72654981313448	0.436731409358195
Collinsella_tanakaei_SGB14737	0.655659265928936	0.0560813424586368	0.04082	0.00470831631465111	0.0819416484468238	0.24744	0	0.107833595765106	0	0.603513373624485	0	0	0.0627679951544291	0	0	0.00601	0.00855478825066892	0.223314733755568	0.0271675562540631	0	0.41994	0	0.115330605309412	0.000774657337996266	0.0263817423270013	0	0.102970717835534	0.117475627644899	0.0393478587713378	0.0533005263098985	0	0	0.156804310492571	0.32722878675217	0.0170119300753198
Turicibacter_sp_TS3_SGB39153	1.38241106214149	0.215732024655442	0.05063	3.76228169421406	0.392552111400375	4.84894	11.2974333362519	0.0211794275017091	2.20148923855733	0.438424243748255	0.343457853196594	2.021834465987	3.31593050154915	0.142716323031762	4.79361820163283	0.09496	5.3309300964499	3.25645976833361	4.186842808317	5.59330196138456	0.15643	0.377878765605834	1.59773249942189	2.22925902428459	4.88070587577354	0.286906530712996	2.91548036779085	0.175177052243427	1.83574032839212	0.356516821320151	0.0775714827769946	1.47658457755465	0.385193594300457	0.161703575001511	7.5652813354671
Collinsella_SGB14745_SGB14745	0.206728697039946	0.610273985191103	0.08424	0.0879553558353974	0.0182582377395523	0.88417	0.224721419237965	0.367272227790238	0.526087160993719	0.608355532368267	0.0082760928481107	0.768583922681976	0.36657737002873	0	0.197999922111209	0.04378	0.122876195110146	0.403864256531241	0.462282619917828	0.0847949061415512	0.18047	1.70411544421906	0.480738132102081	0.152153386111267	0.274186320588542	0.0627555333654119	0.497193078899643	0.279652358921587	0.653577191388868	0.271069055329822	0.136859019304746	0.0191498640197451	0.642576434995486	0.418200158914451	0.392319817602905
Collinsella_SGB14744_SGB14744	0.0607039576609542	0.0777795390358771	0	0.547904128507457	0.595697966813432	0.71637	0.45553033769152	0.32842144933856	0.820194433056532	0.0123902297267357	0.374858323120308	0.0980909248120973	0.435207276073114	0.795759532145053	0.212295768015923	0.01107	0.15058267060586	0.0584347623179431	0.926856145633347	1.11404044176664	0.34174	0.343415349000213	0.0466929979071074	0.22614651805091	0.139567028812971	0.206311860959446	0.00184654128912352	0.296798236784014	0.122882131831129	0.229069468543513	1.64300907190619	0.396225917470204	0.290674781369974	0.455349386788621	0.0371031145329879
Arachnia_propionica_SGB35139	0	0	0	0	0	0	0	0.00174936084046802	0.00227803491585177	0	0	0	0	0	0	0	0	0	0.00642007874755996	0	0	0.0124974226487523	0	8.01369659996137e-05	0	0	0	0	0	0	0	0	0	0	0
Peptacetobacter_hiranonis_SGB6131	0.400057499749532	0	0.09151	0.756099136765172	0.896178230457764	0.00048	0.783796582676597	0	0	0.107885195697239	0.192810360586394	0.633486010488158	0.782594809438446	0.263018189616171	0.40162975467149	0.0763	0.183762370842595	0.0585481728221992	0.214061129233391	0.874559070482019	0.55031	0.162029903249545	0.67011232377086	0.137328047401338	1.60712338751985	0.354459142771016	0.0840223633763742	0.08712033274424	0.578040373010226	0.178042560796509	1.04950383754392	0	0.241923260787311	0.530368389799926	0.487349029235934
Limosilactobacillus_reuteri_SGB7095	0.0682273892413454	0.77946523356971	2.83512	1.48460407926846	1.73324679386736	0.70103	0.132329044958031	0.101706155388066	0.00956589458567023	6.80624276897764	0.579013537873493	0.397865639912974	0.100682280285571	3.64648923483103	2.50577194004891	4.72362	0.900626030157518	6.55370006382263	0	0.0100342816512652	1.83925	2.5551953839889	9.99183425563487	0.0164191739225875	0.174108359987768	15.6104529785877	3.48343859055521	0.112248225857574	4.56162217590143	0.207666755405035	0.079620775151364	4.312116408918	12.2705533064592	0.0647580451526161	3.52988045191334
Collinsella_SGB105265_SGB105265	0.0107783877304568	0	0	0	0	0.0858	0	0	2.26069962576041	0.0402184008601167	0	0.00974520512860537	0	0	0	0	0	0	0	0.141237740429918	0	0	0	0.120054079174755	1.04824260689372	0	0.0518357282905751	0	0	0.0162990630310507	0	0.237114335054136	0	0	0.559825553679726
Fusicatenibacter_saccharivorans_SGB4874	0.0176976058937699	0	0	0	0	0.00764	0	0	0	0.0263185569367902	0	0	0.0857304467655857	0	0	0	0	0.0070692547652954	0	0	0	0	0.00512193599491229	0	0	0	0.00160980522641537	0	0	0	0	0	0	0	0.0381295326604373
Turicibacter_sanguinis_SGB6846	0	0	0	0	0	0	0.0294340621413112	0	0	0	0	0.0214547079641508	0	0	0.0297903812942231	0	0	0	0.00173665439502341	0.0957437707558224	0	0.0407667018280262	0	0	0.0180457801138953	0.0116554021359469	0.00925164533063424	0	0	0	0.0175387490222002	0	0.00755639442951048	0	0
Escherichia_coli_SGB10068	2.57039209389388	0.019051836868675	0	4.84431106808764	0.0778546686711191	0.79236	0	0.776744277780215	0.077536529879784	0.0489152977411051	0.0597060984042272	0.0038523120077853	0.0282698574169262	0	0.00185698616906602	0	0.00633790226312998	0	0	0	0.07762	0	0	0.0810808013769425	0.414755892741174	0.00983775903757578	0	0.355463321538118	0.0805662439358802	0.0652921853968987	0.320452550419785	0	0.379261642151687	1.69738133026151	0.435533921542837
Dubosiella_newyorkensis_SGB6789	5.60656451471108	4.93822439816258	16.46401	1.24789507027347	2.69483506918483	3.74099	1.35608840453777	0.881013667768753	0.18434488239781	11.3901245631376	0.00228635758303899	0.0274524907683511	0.398431706739852	0.00699977952189073	1.58209326410237	7.83874	2.25019446953428	3.63224547418612	0.0614110554155088	0.00328378835288801	0.2584	0.014698569869275	2.0892459387333	0.0129643802772708	0.35175347009045	1.20535034516675	3.50705538017098	0.0173004271326608	4.05576885206569	1.72457325660148	0	0.19452770716036	3.18195388908177	0.122556880664184	1.33350722498786
Parasutterella_SGB9260_SGB9260	0	0.0835898121967493	0.26407	0	0	0.01575	0	0	0	0.0445573548717015	0	0	0	0	0	0	0.00604354395773062	0	0	0	0.47424	0.0203378726656552	0	0	0	0	0	0	0	0	0	0	0	0	0
Collinsella_intestinalis_SGB14741	4.63259197713665	1.83645645576461	0.38076	3.85349735418997	5.63747887614058	4.6536	5.34559838889572	5.19759428367141	8.03113801339912	1.36547927131755	1.94330831845989	2.78014873512347	2.68670585727035	1.53080376850937	1.17525608789858	1.0298	1.65399011934196	1.36102055982646	5.19552493603076	6.48929711445665	3.4815	6.9248182514138	1.43732152721629	1.6948345021405	5.75405108393995	2.5415616241219	0.980314566231913	4.8305738081657	2.08687758368383	1.67393967527253	3.4300097651474	3.77437145613834	3.69434678961232	3.27371072034477	2.24959490760805
Clostridiaceae_bacterium_SGB4721	0.00971614156172281	0	0	0.0268200997033801	0	0.01392	0	0	0	0	0	0	0.0563515791802897	0	0	0	0	0	0	0	0	0	0	0	0.0566901127343408	0	0	0	0	0	0	0	0	0.00537218149223816	0
Adlercreutzia_equolifaciens_SGB14797	0.0669897262741049	0.171632539622671	0.22601	0.0238056844226267	0.105499183558469	0.18529	0.026567108036638	0.0312546233583083	0	0.15763600318237	0	0.0206251259228703	0.0324682530543261	0	0.0553263974497923	0.25961	0.0803874134651566	0.160220689887771	0	0	0.09479	0.0260499406594081	0.00462715148019805	0	0.00689712686451863	0.0499758159108849	0.199113967622565	0	0.0460569406816581	0.10077790296715	0	0	0.0245400297354513	0	0.0871029827599472
Clostridiaceae_bacterium_SGB6153	0	0	0	0.0749687812421818	0.00387574261875808	0	0.103143452172458	0	0	0	0.0272450367499779	0.426891475932029	0	0	0.0572423355607335	0.10956	0.0693581757097243	0.0033928642523276	0.0404049272544277	0.110159340315583	0.02427	0.114104925129984	0.252587494761623	0	0.316098201871586	0.082852669685031	0.0858404963379728	0.00281825139838406	0.0665372959868464	0.00420187734408487	0.0315378112159442	0	0	0.00771624030973426	0.0751471123494711
Bifidobacterium_canis_SGB53847	0.205793140781244	1.53163683103079	0.183	0	0.0642069114875303	0.31201	0.228037529485704	0.424205971507288	0	1.5436517242309	0	2.14076029608873	1.62215511440039	0.288380808317029	0.519445210508901	0.15415	1.08937409479781	0.464378211427212	0.0297263502297093	0	1.1516	0.446878364014448	4.46193010298828	0.0439328655824549	0.00807604356949018	0.704421024267711	1.02711255110806	0	0.433379969601073	0.392645291817465	0	0.104211882884931	1.16178651745701	0.0148305044250921	0.14797528004063
Peptostreptococcus_russellii_SGB743	0.584079466760577	0	0.80802	0	0.550502399451089	0	0.0230120849468433	0	0	0.118870249945387	0	0	0	0	0	4e-04	1.49489865397065	0	0	0	0	0	0	0	0	0	0.809722559444425	0	2.1175790296376	0.0716813413584524	0	0	0	0.000711426411535783	0
Allobaculum_stercoricanis_SGB29316	1.34522270085811	0	0.00913	1.9803160205433	0.873759539148786	1.68784	0.807640084313796	0	2.88838158781839	0.0747116610878797	0.301660106963699	2.49700380255125	1.59246928864349	0.0948297447141345	0.267710593378528	0.42829	0.350976285703519	0.162413292970055	1.07950621945123	4.18082003331818	0.4725	1.05374011010233	0.440385706124275	1.00498878649382	9.00119613301444	0.405109547873049	0.0182760240410687	3.60857091069283	0.308484158846647	0.544066369440834	1.72973583490115	0.592507745329423	0.496066343001088	0.86211199800992	0.907828818242845
Bifidobacterium_longum_SGB17248	0	0	0	0	0.558061015980089	0	0	1.02557448631288	0	0.222369019486495	0	0	0	0	0	0	0	0.0372931541495396	0	0	0.23419	0	0	0	0	0	0	0	0	0.0060917628161961	0	0	0	0	0
Faecalibaculum_rodentium_SGB4047	3.88846417249425	3.56830846430357	7.6913	0.385854262931244	4.69331307415909	3.89697	2.77892905714602	21.7210558115562	0.0332815345023222	6.24451437698332	0.00552029302368728	0.0316576135293247	2.22928867220033	0.0146902713431738	5.39244220187657	6.98075	2.46966618230063	4.17104932903138	0.799923336899215	0.00223855068088122	1.51677	0.090183366493726	1.22213607669659	0.00786232677529543	0.354501181465817	4.23657939841324	3.13643086983762	0.0123730327522603	2.67949088425744	2.72452413122098	0	0.0188846067433322	3.72462712381173	0.0491613892074086	1.45176389869021
Firmicutes_unclassified_SGB4994	0.521445924316051	0.0326644768455755	0.03988	1.37072110922066	0.144844400095815	0.6783	0.398239038166467	0.164954436898249	0.252685929873363	0.115471244395831	0.247978517323905	0.842388118078654	0.643829912121176	0.0376438203168829	0.00275109062083855	0.25373	0.014276377811869	0.289603173493244	0.0187614099802795	0.0371059373562412	0.24384	0.144748168873541	0.117886991968768	0.037557524731819	2.48218591529586	0.159587190178122	0.00906225648046773	0.348935887654119	0.0347097167963511	0.180642352486571	0.723755063974789	0.0474981658505831	0.0586898219519105	0.63765696517038	0.0352308518375477
Bifidobacterium_criceti_SGB17283	0.875193389259858	2.18715282555688	1.1602	0.0211737629237212	0.418598571274303	0.97385	0.705480953050609	2.81490868972914	0.00738972301971427	0.992243776461066	0.00319046856644604	0.947373155716565	0.243982237041353	0	0.480664658078723	0.65116	0.982963567395946	1.36625634477295	0.278686842784369	0	0.77717	0.0738930579319243	0.596032086706699	0.0337109503638375	0.0128752556676815	0.416821165774925	2.59342462808269	0	0.783149318126305	0.744518942739129	0	0.107035589375778	1.4640970511188	0.0219447685404499	0.902782262449552
Bifidobacterium_animalis_SGB17278	0.179217495807505	0.675446696242634	0.14301	0.00839664921104125	0.511772525936153	0.22731	0.133561835223041	1.2551617256004	0.00718599631992265	0.521453024560748	0	0.312084949759418	0.232713901580595	0.0133509633480106	0.245230252876819	0.34593	0.341170474654903	0.648348951081276	0.01292329520552	0	0.09663	0.109930021930728	0.325742301529744	0.0283684859638632	0	0.118053108450909	0.687434178891906	0.00832747832554773	0.262713523225173	0.238557269213147	0	0.0833506815980057	0.630995439185041	0.0171472006882984	0.328843459517396
Bifidobacterium_pullorum_SGB17264	0.544357307276542	0.59729608093766	0.08365	0.247109197063333	0.571791431181613	0.79306	0.0267773513376474	0.944159045700085	0.0187984182080451	2.22503840377008	0	1.07568184476795	0.0700557762608591	0.0368351815273504	0.231307769270647	0.12747	0.458536650235854	0.671550850076999	0.155984819757263	0	0.21974	0.294444371168421	0.547634831026687	0.169810230953181	0.261273933686058	0.362067009760075	0.524484012208637	0.381709424077262	0.780391246046529	0.251124527936323	0	0.00998565295399576	0.533601910982461	0.0766972396744154	0.383642782877336
Collinsella_aerofaciens_SGB14535_group	0.0648165070481629	0	0	0	0	0	0	0	0	0.0384904147986103	0	1.62683898922834	0	0	0	0	0	0	0	0	0	0	0	0.229405421334894	0	0	0	0	0	0	0	0	0	0	0
Bifidobacterium_animalis_SGB100575	0	0	0.02301	0	0.123895184661248	0.00203	0	0.235920486822262	0.00299107836512244	0.0147353536673515	0	0	0.0840372258835211	0	0	0	0.077342644743682	0.343737787524811	0	0	0.01561	0	0	0	0	0	0.151226996857962	0	0.0236487979712285	0.00806798823373374	0	0	0.0396163142735568	0	0.00301272728149517
Firmicutes_unclassified_SGB14909	0.774582109938668	0	0.00717	0.122270512264035	0	0.23478	0	0	0	0.14012827627348	0	0.00323250933326538	0.588240777431641	0	0	0.00135	0.00706459932958465	0	0	0	0.02716	0	0.000568085924301542	0	0.693704294193105	0.144980460330902	0.0101228340414002	0.00679107675675126	0.0229521223247799	0	0.327505309890017	0	0	0.0336650626279304	0.176572429535958
Mediterraneibacter_glycyrrhizinilyticus_SGB4606	0	0	0	0.339718227244546	0.0787271699715505	0.19115	0.165700390736427	0.0336307605426873	0.0966590587465884	0	0.0385116505432042	0.0113948337854045	0.0957907532929401	0	0	0	0	0	0.0204149266649029	0.103208509796738	0.04234	0.018800707871158	0	0	0.00977479756169329	0	0	0.00370918248561514	0.00720534401463984	0.00241751847193924	0.00783344227951581	0	0	0.00794426159548291	0
Bifidobacterium_pseudolongum_SGB17279	14.4117861325449	18.1770343294421	10.99453	3.9842464786183	11.3452538044233	11.67586	7.93110360911312	24.8710279088952	0.412602128905249	15.149766500388	0.128435919892844	19.8769192050414	6.0968230081189	0.818561461345724	11.2429115161518	7.41141	16.4740753173747	14.6939469260603	1.74801654877809	0.261901719349169	7.77787	42.5974560026227	25.4697567463355	0.711099819851239	1.55891776193782	7.86790238365753	24.4462464933962	0.10653899399246	13.6739010438992	8.09758364836045	0.0466901548324935	4.85716021514218	18.2499793245801	0.963417294842329	18.3672581893875
Hydrogenoanaerobacterium_SGB53821_SGB53821	0	0	0.00854	0.0112744595697062	0	0.06968	0	0	0	0	0	0	0.0238932280024669	0	0	0	0	0	0	0	0.0399	0	0	0	0	0	0	0.00344553961286309	0	0	0.0127215812330982	0	0	0	0
Lachnospiraceae_bacterium_NSJ_12_SGB6077	0	0	0.18284	0.000938020465007862	0	0	0	0	0	0	0.0071981143678946	0	0	0	0.177730279429816	0.01104	0.0843060584057856	0	0	0	0	0.596419940264912	0	0	0	0	0.777043513348193	0	0	0	0	0	0.269995083571338	0.0609455292548987	0
Clostridiaceae_unclassified_SGB66046_SGB66046	0	0	0	0	0	0.00284	0	0	0	0	0	0	0	0	0	0	0	0	0	0	0	0	0	0	0	0	0	0.0075547319743779	0	0	0.164866015087794	0	0	0	0
Lachnospiraceae_unclassified_SGB65957_SGB65957	0	0	0	0.128290235830735	0	0.00377	0.501678742263075	0	0.00790830007372931	0	0.245040156627832	0	0	0.00834751083777823	0	0	0	0	0.0381509715502484	0.0548923984082235	0	0	0	0.117338326438101	0	0	0	0	0	0	0	0	0	0.00339295673193989	0.00248051047466953
Clostridiaceae_bacterium_Marseille_Q3526_SGB4703	0.0476548969276074	0	0	0.321986908357456	0	0.1423	0	0	0.00787125885558538	0	0	0	0.147438941134162	0	0	0	0	0	0	0.00991233725619777	0.0444	0	0	0	0	0	0	0	0	0	0	0	0	0.0184058781856309	0.0166317752133014
Candidatus_Catenibacterium_tridentinum_SGB6783	0.0437080189612104	0	0	0.290494920318648	0	0	0	0	0.0255769611283845	0	0	0.141725033098299	0.0881465046323913	0.169275053275471	0.0608482293387611	0.01461	0.0030355700244309	0	0.0236480598471273	0.831538829965006	0.03919	0	0.132373183038458	0.022046569757227	0.0782633601544502	0.147388368971528	0	0.0201368607981312	0.127176707733895	0.000863399454264014	0.00180976469424827	0	0.0308096468526901	0.2496012202319	0
Atopobiaceae_unclassified_SGB63087_SGB63087	0.621696624662533	1.44400424053387	3.73717	0.243575683078644	1.22423871941994	1.13387	0.481227802983073	0.760223575939217	0	1.1426545192434	0	0	0.644275496563825	0	0.342746590061899	2.48139	0.525788324322564	0.695934108492055	0.0128678700652533	0	0.70668	0	0.126857251967014	0	0.0114457031277947	0.233042457658688	2.67593188065774	0.0011000271587241	0.619316019186805	1.0638232475805	0	0	0.438964459009003	0.023449709026391	0.39825023345039
Clostridiales_bacterium_KLE1615_SGB5090	0	0	0	0	0	0.04235	0	0	0	0.000322810582918784	0	0	0	0	0	0	0	0	0	0	0	0	0	0	0	0	0	0	0	0	0	0	0	0	0
Atopobiaceae_unclassified_SGB105119_SGB105119	0.54698855925414	0.48423500084257	0.83103	0	0.779593688271709	0.30355	0.0321481120270685	0.240859858607113	0	0.742217485561559	0	0	0.291323108603638	0	0.740662372395258	0.88751	0.0896688987822802	0.349162589978394	0.108651749969497	0	0.69362	0	0.048974504280512	0	0.0216567926984145	0.492487586715365	0.193470179887603	0	0.203162070706825	0.244063839065898	0	0	0.140140087994641	0.0213519131975034	0.328130669151112
Coriobacteriaceae_bacterium_SGB33579	0.0897939100799538	2.08131796754422	2.08392	0.14318927933319	0.526963232787873	1.01006	0.316263263800179	0.401164924715455	0	0.487111675195535	0	0	0.0961373189705557	0	0	0.94122	0.178565107012887	0.283006462495683	0	0	0.45206	0	0.0241711398114108	0	0	0	1.16678682810586	0	0.599179229953838	0.5489685596756	0	0	0.669315850066097	0.00179680773169935	0.320223448021131
Peptostreptococcaceae_bacterium_SGB77433	0	0	0	0.000282316838982949	0	0	0	0	0	0	0	0.0258123975373138	0	0	0	0.00512	0.00737735502907147	0	0	0	0	0.00367464246731874	0	0	0.00217217723593184	0	0.0119599058880154	0	0	0	0	0	0	0	0
UNKNOWN	2.54622	2.34835	0	8.93005	8.15776	0	4.43486	6.45129	7.39695	5.05571	13.06625	4.64574	0.98123	15.76679	1.74676	0	8.01303	5.49125	7.62477	12.89686	0	9.0435	8.37324	10.95893	7.17191	6.30706	5.30557	9.08866	4.56498	4.06673	11.28604	14.43314	8.7392	8.79149	4.96128
